Algorithm,Best Value,Runtime (seconds)
DE,7.245296,0.020880699157714844
GA,0.001531,0.3415493965148926
SA,2.928248,1.0444078000145964
Hill Climbing,2.061388,0.0
