Dimension,Mean_Fitness,Avg_Runtime
10,1.5965462411838071e-18,0.28714141845703123
30,2.510290294509958e-14,0.29391965866088865
50,1.544532102881959e-12,0.29338693618774414
